ID_0,NAME_0,ID_1,NAME_1,OCCUPANCY,TAXONOMY,AAEC_TOTAL_TON,AAEC_STRUCTURAL_TON,AAEC_NONSTRUCTURAL_TON
ALB,Albania,1,Berat,Com,CR+PC/LWAL+CDM+LFC:9.0/H:1/COM,0.2470,0.0221,0.2249
ALB,Albania,1,Berat,Com,CR+PC/LWAL+CDM+LFC:9.0/H:2/COM,0.4870,0.1596,0.3274
ALB,Albania,1,Berat,Com,CR+PC/LWAL+CDM+LFC:9.0/HBET:3-5/COM,0.9758,0.5805,0.3953
ALB,Albania,1,Berat,Com,CR+PC/LWAL+CDM+LFC:9.0/HBET:6-/COM,0.5570,0.3623,0.1947
ALB,Albania,1,Berat,Com,CR/LDUAL+CDM+LFC:9.0/HBET:6-/COM,0.2789,0.1798,0.0991
ALB,Albania,1,Berat,Com,CR/LDUAL+CDM+LFC:9.0/HBET:6-/SOS/COM,5.3871,3.5071,1.8800
ALB,Albania,1,Berat,Com,CR/LFINF+CDM+LFC:9.0/H:1/COM,1.5911,0.8459,0.7453
ALB,Albania,1,Berat,Com,CR/LFINF+CDM+LFC:9.0/H:2/COM,20.6447,13.6497,6.9950
ALB,Albania,1,Berat,Com,CR/LFINF+CDM+LFC:9.0/HBET:3-5/COM,7.4503,4.8962,2.5542
ALB,Albania,1,Berat,Com,CR/LFINF+CDM+LFC:9.0/HBET:3-5/SOS/COM,4.3215,2.7842,1.5373
ALB,Albania,1,Berat,Com,MCF/LWAL+CDL/H:1/COM,31.3687,10.0949,21.2739
ALB,Albania,1,Berat,Com,MCF/LWAL+CDL/H:2/COM,13.0438,6.8704,6.1735
ALB,Albania,1,Berat,Com,MCF/LWAL+CDL/HBET:3-5/COM,0.9702,0.6096,0.3606
ALB,Albania,1,Berat,Com,MUR/LWAL+CDN/H:1/COM,228.5478,200.3343,28.2135
ALB,Albania,1,Berat,Com,MUR/LWAL+CDN/H:2/COM,26.6322,23.2932,3.3389
ALB,Albania,1,Berat,Com,MUR/LWAL+CDN/HBET:3-5/COM,1.1128,0.9863,0.1264
ALB,Albania,1,Berat,Ind,CR+PC/LFM+CDM/H:1/IND,9.1115,2.7370,6.3745
ALB,Albania,1,Berat,Ind,MCF/LWAL+CDL/H:1/IND,22.0736,9.1956,12.8779
ALB,Albania,1,Berat,Ind,MUR/LWAL+CDN/H:2/IND,74.5299,68.3749,6.1550
ALB,Albania,1,Berat,Ind,S+SL/LFM+CDM/H:1/IND,5.0061,2.7515,2.2546
ALB,Albania,1,Berat,Ind,S/LFM+CDM/H:1/IND,6.0577,3.2915,2.7662
ALB,Albania,1,Berat,Res,CR+PC/LWAL+CDM+LFC:4.0/H:2/RES,0.1876,0.0461,0.1415
ALB,Albania,1,Berat,Res,CR+PC/LWAL+CDM+LFC:4.0/HBET:3-5/RES,4.3161,1.8091,2.5070
ALB,Albania,1,Berat,Res,CR+PC/LWAL+CDM+LFC:4.0/HBET:6-/RES,2.7093,1.3510,1.3582
ALB,Albania,1,Berat,Res,CR+PC/LWAL+CDM+LFC:9.0/H:2/RES,1.3062,0.4756,0.8307
ALB,Albania,1,Berat,Res,CR+PC/LWAL+CDM+LFC:9.0/HBET:3-5/RES,34.4431,17.2120,17.2311
ALB,Albania,1,Berat,Res,CR+PC/LWAL+CDM+LFC:9.0/HBET:6-/RES,30.4596,15.6823,14.7772
ALB,Albania,1,Berat,Res,CR/LDUAL+CDL+LFC:5.0/HBET:6-/RES,0.1280,0.0612,0.0668
ALB,Albania,1,Berat,Res,CR/LDUAL+CDL+LFC:9.0/HBET:6-/RES,7.9748,4.0315,3.9433
ALB,Albania,1,Berat,Res,CR/LDUAL+CDM+LFC:4.0/HBET:6-/RES,0.1838,0.0858,0.0980
ALB,Albania,1,Berat,Res,CR/LDUAL+CDM+LFC:4.0/HBET:6-/SOS/RES,1.0413,0.5246,0.5167
ALB,Albania,1,Berat,Res,CR/LDUAL+CDM+LFC:9.0/HBET:6-/RES,6.3720,2.9511,3.4209
ALB,Albania,1,Berat,Res,CR/LDUAL+CDM+LFC:9.0/HBET:6-/SOS/RES,67.0154,34.3372,32.6782
ALB,Albania,1,Berat,Res,CR/LFINF+CDL+LFC:5.0/HBET:3-5/RES,3.9123,1.8755,2.0369
ALB,Albania,1,Berat,Res,CR/LFINF+CDL+LFC:9.0/HBET:3-5/RES,63.4605,30.2499,33.2107
ALB,Albania,1,Berat,Res,CR/LFINF+CDM+LFC:4.0/H:2/RES,3.3853,1.6295,1.7559
ALB,Albania,1,Berat,Res,CR/LFINF+CDM+LFC:4.0/HBET:3-5/RES,6.4847,3.0888,3.3959
ALB,Albania,1,Berat,Res,CR/LFINF+CDM+LFC:4.0/HBET:3-5/SOS/RES,9.1572,4.2240,4.9332
ALB,Albania,1,Berat,Res,CR/LFINF+CDM+LFC:9.0/H:2/RES,82.0510,39.8991,42.1520
ALB,Albania,1,Berat,Res,CR/LFINF+CDM+LFC:9.0/HBET:3-5/RES,148.8344,70.5830,78.2514
ALB,Albania,1,Berat,Res,CR/LFINF+CDM+LFC:9.0/HBET:3-5/SOS/RES,162.7892,76.9894,85.7998
ALB,Albania,1,Berat,Res,MCF/LWAL+CDL/H:1/RES,252.7333,69.5913,183.1421
ALB,Albania,1,Berat,Res,MCF/LWAL+CDL/H:2/RES,41.3451,17.1725,24.1726
ALB,Albania,1,Berat,Res,MCF/LWAL+CDL/HBET:3-5/RES,52.4773,24.9447,27.5326
ALB,Albania,1,Berat,Res,MUR/LWAL+CDN/H:1/RES,1984.0614,1726.5643,257.4970
ALB,Albania,1,Berat,Res,MUR/LWAL+CDN/H:2/RES,82.2581,70.1949,12.0632
ALB,Albania,1,Berat,Res,MUR/LWAL+CDN/HBET:3-5/RES,23.8678,20.4873,3.3805
ALB,Albania,1,Berat,Res,W/LWAL+CDL/H:1/RES,16.8667,5.6523,11.2144
ALB,Albania,1,Berat,Res,W/LWAL+CDL/H:2/RES,0.8910,0.2964,0.5946
ALB,Albania,10,Shkoder,Com,CR+PC/LWAL+CDM+LFC:9.0/H:1/COM,0.2563,0.0291,0.2273
ALB,Albania,10,Shkoder,Com,CR+PC/LWAL+CDM+LFC:9.0/H:2/COM,0.5629,0.1731,0.3898
ALB,Albania,10,Shkoder,Com,CR+PC/LWAL+CDM+LFC:9.0/HBET:3-5/COM,1.6185,0.9823,0.6362
ALB,Albania,10,Shkoder,Com,CR+PC/LWAL+CDM+LFC:9.0/HBET:6-/COM,1.8485,1.2649,0.5836
ALB,Albania,10,Shkoder,Com,CR/LDUAL+CDM+LFC:9.0/HBET:6-/COM,0.9211,0.5949,0.3262
ALB,Albania,10,Shkoder,Com,CR/LDUAL+CDM+LFC:9.0/HBET:6-/SOS/COM,5.8573,3.8018,2.0554
ALB,Albania,10,Shkoder,Com,CR/LFINF+CDM+LFC:9.0/H:1/COM,1.7576,0.9276,0.8300
ALB,Albania,10,Shkoder,Com,CR/LFINF+CDM+LFC:9.0/H:2/COM,36.9543,24.0557,12.8986
ALB,Albania,10,Shkoder,Com,CR/LFINF+CDM+LFC:9.0/HBET:3-5/COM,15.8051,10.3550,5.4502
ALB,Albania,10,Shkoder,Com,CR/LFINF+CDM+LFC:9.0/HBET:3-5/SOS/COM,9.3041,5.7504,3.5538
ALB,Albania,10,Shkoder,Com,MCF/LWAL+CDL/H:1/COM,39.0801,12.2409,26.8392
ALB,Albania,10,Shkoder,Com,MCF/LWAL+CDL/H:2/COM,17.8668,9.5221,8.3448
ALB,Albania,10,Shkoder,Com,MCF/LWAL+CDL/HBET:3-5/COM,2.3117,1.3873,0.9244
ALB,Albania,10,Shkoder,Com,MUR/LWAL+CDN/H:1/COM,292.6015,252.8188,39.7827
ALB,Albania,10,Shkoder,Com,MUR/LWAL+CDN/H:2/COM,34.8141,30.2423,4.5718
ALB,Albania,10,Shkoder,Com,MUR/LWAL+CDN/HBET:3-5/COM,2.4012,2.0896,0.3117
ALB,Albania,10,Shkoder,Ind,CR+PC/LFM+CDM/H:1/IND,8.4244,2.7409,5.6835
ALB,Albania,10,Shkoder,Ind,MCF/LWAL+CDL/H:1/IND,19.4978,8.5435,10.9542
ALB,Albania,10,Shkoder,Ind,MUR/LWAL+CDN/H:2/IND,74.3934,68.1369,6.2565
ALB,Albania,10,Shkoder,Ind,S+SL/LFM+CDM/H:1/IND,5.3678,3.0048,2.3630
ALB,Albania,10,Shkoder,Ind,S/LFM+CDM/H:1/IND,6.4404,3.5965,2.8439
ALB,Albania,10,Shkoder,Res,CR+PC/LWAL+CDM+LFC:0.0/H:2/RES,0.0028,0.0005,0.0023
ALB,Albania,10,Shkoder,Res,CR+PC/LWAL+CDM+LFC:0.0/HBET:3-5/RES,0.0464,0.0201,0.0262
ALB,Albania,10,Shkoder,Res,CR+PC/LWAL+CDM+LFC:0.0/HBET:6-/RES,0.2817,0.1498,0.1318
ALB,Albania,10,Shkoder,Res,CR+PC/LWAL+CDM+LFC:4.0/H:2/RES,0.4116,0.1018,0.3097
ALB,Albania,10,Shkoder,Res,CR+PC/LWAL+CDM+LFC:4.0/HBET:3-5/RES,4.0101,1.8036,2.2065
ALB,Albania,10,Shkoder,Res,CR+PC/LWAL+CDM+LFC:4.0/HBET:6-/RES,3.0562,1.5628,1.4934
ALB,Albania,10,Shkoder,Res,CR+PC/LWAL+CDM+LFC:9.0/H:2/RES,1.0582,0.3684,0.6898
ALB,Albania,10,Shkoder,Res,CR+PC/LWAL+CDM+LFC:9.0/HBET:3-5/RES,38.7243,20.2686,18.4557
ALB,Albania,10,Shkoder,Res,CR+PC/LWAL+CDM+LFC:9.0/HBET:6-/RES,56.5760,30.3052,26.2709
ALB,Albania,10,Shkoder,Res,CR/LDUAL+CDL+LFC:5.0/HBET:6-/RES,0.0955,0.0467,0.0488
ALB,Albania,10,Shkoder,Res,CR/LDUAL+CDL+LFC:9.0/HBET:6-/RES,13.3419,6.5146,6.8273
ALB,Albania,10,Shkoder,Res,CR/LDUAL+CDM+LFC:4.0/HBET:6-/RES,0.1332,0.0671,0.0661
ALB,Albania,10,Shkoder,Res,CR/LDUAL+CDM+LFC:4.0/HBET:6-/SOS/RES,0.7203,0.3620,0.3583
ALB,Albania,10,Shkoder,Res,CR/LDUAL+CDM+LFC:9.0/HBET:6-/RES,11.9089,5.8294,6.0795
ALB,Albania,10,Shkoder,Res,CR/LDUAL+CDM+LFC:9.0/HBET:6-/SOS/RES,107.7490,53.7494,53.9997
ALB,Albania,10,Shkoder,Res,CR/LFINF+CDL+LFC:5.0/HBET:3-5/RES,1.8784,0.8718,1.0066
ALB,Albania,10,Shkoder,Res,CR/LFINF+CDL+LFC:9.0/HBET:3-5/RES,67.5120,33.2032,34.3087
ALB,Albania,10,Shkoder,Res,CR/LFINF+CDM+LFC:0.0/H:2/RES,0.0997,0.0485,0.0512
ALB,Albania,10,Shkoder,Res,CR/LFINF+CDM+LFC:0.0/HBET:3-5/RES,0.2528,0.1173,0.1356
ALB,Albania,10,Shkoder,Res,CR/LFINF+CDM+LFC:4.0/H:2/RES,5.6751,2.7360,2.9391
ALB,Albania,10,Shkoder,Res,CR/LFINF+CDM+LFC:4.0/HBET:3-5/RES,7.1241,3.3944,3.7297
ALB,Albania,10,Shkoder,Res,CR/LFINF+CDM+LFC:4.0/HBET:3-5/SOS/RES,4.6382,2.2405,2.3976
ALB,Albania,10,Shkoder,Res,CR/LFINF+CDM+LFC:9.0/H:2/RES,72.7245,35.1413,37.5832
ALB,Albania,10,Shkoder,Res,CR/LFINF+CDM+LFC:9.0/HBET:3-5/RES,179.0967,86.2067,92.8901
ALB,Albania,10,Shkoder,Res,CR/LFINF+CDM+LFC:9.0/HBET:3-5/SOS/RES,166.4219,80.1615,86.2604
ALB,Albania,10,Shkoder,Res,MCF/LWAL+CDL/H:1/RES,220.8333,65.8116,155.0217
ALB,Albania,10,Shkoder,Res,MCF/LWAL+CDL/H:2/RES,37.4260,15.5216,21.9044
ALB,Albania,10,Shkoder,Res,MCF/LWAL+CDL/HBET:3-5/RES,54.4198,25.1863,29.2335
ALB,Albania,10,Shkoder,Res,MCF/LWAL+CDN/H:1/RES,0.6490,0.1600,0.4890
ALB,Albania,10,Shkoder,Res,MCF/LWAL+CDN/H:2/RES,0.0500,0.0200,0.0300
ALB,Albania,10,Shkoder,Res,MUR/LWAL+CDN/H:1/RES,1636.9390,1414.1356,222.8034
ALB,Albania,10,Shkoder,Res,MUR/LWAL+CDN/H:2/RES,67.3222,57.2730,10.0492
ALB,Albania,10,Shkoder,Res,MUR/LWAL+CDN/HBET:3-5/RES,33.7168,28.7757,4.9411
ALB,Albania,10,Shkoder,Res,W/LWAL+CDL/H:1/RES,14.4869,4.8850,9.6019
ALB,Albania,10,Shkoder,Res,W/LWAL+CDL/H:2/RES,0.7950,0.2691,0.5258
ALB,Albania,11,Tirane,Com,CR+PC/LWAL+CDM+LFC:4.0/H:1/COM,3.8029,0.2943,3.5086
ALB,Albania,11,Tirane,Com,CR+PC/LWAL+CDM+LFC:4.0/H:2/COM,8.6004,2.3350,6.2654
ALB,Albania,11,Tirane,Com,CR+PC/LWAL+CDM+LFC:4.0/HBET:3-5/COM,17.6310,9.4498,8.1812
ALB,Albania,11,Tirane,Com,CR+PC/LWAL+CDM+LFC:4.0/HBET:6-/COM,11.7999,7.4396,4.3603
ALB,Albania,11,Tirane,Com,CR/LDUAL+CDM+LFC:4.0/HBET:6-/COM,6.4104,4.1401,2.2702
ALB,Albania,11,Tirane,Com,CR/LDUAL+CDM+LFC:4.0/HBET:6-/SOS/COM,18.5237,12.1278,6.3959
ALB,Albania,11,Tirane,Com,CR/LFINF+CDM+LFC:4.0/H:1/COM,9.8609,5.3497,4.5112
ALB,Albania,11,Tirane,Com,CR/LFINF+CDM+LFC:4.0/H:2/COM,161.1648,106.6656,54.4992
ALB,Albania,11,Tirane,Com,CR/LFINF+CDM+LFC:4.0/HBET:3-5/COM,62.4776,40.7151,21.7625
ALB,Albania,11,Tirane,Com,CR/LFINF+CDM+LFC:4.0/HBET:3-5/SOS/COM,37.2273,23.8066,13.4207
ALB,Albania,11,Tirane,Com,MCF/LWAL+CDL/H:1/COM,202.0838,65.1975,136.8863
ALB,Albania,11,Tirane,Com,MCF/LWAL+CDL/H:2/COM,84.0121,44.8495,39.1626
ALB,Albania,11,Tirane,Com,MCF/LWAL+CDL/HBET:3-5/COM,8.9498,5.4754,3.4744
ALB,Albania,11,Tirane,Com,MUR/LWAL+CDN/H:1/COM,1442.8889,1262.2594,180.6295
ALB,Albania,11,Tirane,Com,MUR/LWAL+CDN/H:2/COM,166.1676,144.9016,21.2660
ALB,Albania,11,Tirane,Com,MUR/LWAL+CDN/HBET:3-5/COM,10.1324,8.8835,1.2489
ALB,Albania,11,Tirane,Ind,CR+PC/LFM+CDM/H:1/IND,36.6520,12.2712,24.3808
ALB,Albania,11,Tirane,Ind,MCF/LWAL+CDL/H:1/IND,86.9742,38.2731,48.7011
ALB,Albania,11,Tirane,Ind,MUR/LWAL+CDN/H:2/IND,275.9445,253.2826,22.6618
ALB,Albania,11,Tirane,Ind,S+SL/LFM+CDM/H:1/IND,19.5770,10.9526,8.6244
ALB,Albania,11,Tirane,Ind,S/LFM+CDM/H:1/IND,24.6418,13.8178,10.8240
ALB,Albania,11,Tirane,Res,CR+PC/LWAL+CDM+LFC:4.0/H:2/RES,18.6416,5.0020,13.6396
ALB,Albania,11,Tirane,Res,CR+PC/LWAL+CDM+LFC:4.0/HBET:3-5/RES,648.2229,289.0976,359.1252
ALB,Albania,11,Tirane,Res,CR+PC/LWAL+CDM+LFC:4.0/HBET:6-/RES,821.7333,423.8365,397.8967
ALB,Albania,11,Tirane,Res,CR+PC/LWAL+CDM+LFC:9.0/H:2/RES,1.1320,0.4213,0.7107
ALB,Albania,11,Tirane,Res,CR+PC/LWAL+CDM+LFC:9.0/HBET:3-5/RES,41.0416,20.4355,20.6061
ALB,Albania,11,Tirane,Res,CR+PC/LWAL+CDM+LFC:9.0/HBET:6-/RES,77.4074,40.3886,37.0188
ALB,Albania,11,Tirane,Res,CR/LDUAL+CDL+LFC:5.0/HBET:6-/RES,157.1119,79.3464,77.7655
ALB,Albania,11,Tirane,Res,CR/LDUAL+CDL+LFC:9.0/HBET:6-/RES,4.3720,2.2383,2.1337
ALB,Albania,11,Tirane,Res,CR/LDUAL+CDM+LFC:4.0/HBET:6-/RES,230.3089,118.8218,111.4871
ALB,Albania,11,Tirane,Res,CR/LDUAL+CDM+LFC:4.0/HBET:6-/SOS/RES,1159.9769,585.8925,574.0844
ALB,Albania,11,Tirane,Res,CR/LDUAL+CDM+LFC:9.0/HBET:6-/RES,3.6217,1.8316,1.7900
ALB,Albania,11,Tirane,Res,CR/LDUAL+CDM+LFC:9.0/HBET:6-/SOS/RES,39.9388,20.6944,19.2443
ALB,Albania,11,Tirane,Res,CR/LFINF+CDL+LFC:5.0/HBET:3-5/RES,442.6383,217.1457,225.4925
ALB,Albania,11,Tirane,Res,CR/LFINF+CDL+LFC:9.0/HBET:3-5/RES,36.1284,17.6145,18.5138
ALB,Albania,11,Tirane,Res,CR/LFINF+CDM+LFC:4.0/H:2/RES,394.3246,192.4800,201.8446
ALB,Albania,11,Tirane,Res,CR/LFINF+CDM+LFC:4.0/HBET:3-5/RES,1305.6019,635.5834,670.0185
ALB,Albania,11,Tirane,Res,CR/LFINF+CDM+LFC:4.0/HBET:3-5/SOS/RES,1176.4620,553.3811,623.0809
ALB,Albania,11,Tirane,Res,CR/LFINF+CDM+LFC:9.0/H:2/RES,56.4920,27.3424,29.1496
ALB,Albania,11,Tirane,Res,CR/LFINF+CDM+LFC:9.0/HBET:3-5/RES,268.4804,127.3870,141.0934
ALB,Albania,11,Tirane,Res,CR/LFINF+CDM+LFC:9.0/HBET:3-5/SOS/RES,92.7762,45.0752,47.7010
ALB,Albania,11,Tirane,Res,MCF/LWAL+CDL/H:1/RES,764.5711,219.2336,545.3375
ALB,Albania,11,Tirane,Res,MCF/LWAL+CDL/H:2/RES,217.3710,90.5742,126.7968
ALB,Albania,11,Tirane,Res,MCF/LWAL+CDL/HBET:3-5/RES,403.1774,194.5453,208.6321
ALB,Albania,11,Tirane,Res,MUR/LWAL+CDN/H:1/RES,5272.1019,4565.6109,706.4910
ALB,Albania,11,Tirane,Res,MUR/LWAL+CDN/H:2/RES,421.1263,360.1070,61.0193
ALB,Albania,11,Tirane,Res,MUR/LWAL+CDN/HBET:3-5/RES,324.4717,277.4466,47.0250
ALB,Albania,11,Tirane,Res,W/LWAL+CDL/H:1/RES,46.7294,15.6051,31.1242
ALB,Albania,11,Tirane,Res,W/LWAL+CDL/H:2/RES,4.8204,1.6240,3.1964
ALB,Albania,12,Vlore,Com,CR+PC/LWAL+CDM+LFC:9.0/H:1/COM,0.7171,0.0902,0.6269
ALB,Albania,12,Vlore,Com,CR+PC/LWAL+CDM+LFC:9.0/H:2/COM,1.6827,0.5090,1.1737
ALB,Albania,12,Vlore,Com,CR+PC/LWAL+CDM+LFC:9.0/HBET:3-5/COM,4.1928,2.5974,1.5954
ALB,Albania,12,Vlore,Com,CR+PC/LWAL+CDM+LFC:9.0/HBET:6-/COM,6.4019,4.1532,2.2487
ALB,Albania,12,Vlore,Com,CR/LDUAL+CDM+LFC:9.0/HBET:6-/COM,3.1481,2.0246,1.1235
ALB,Albania,12,Vlore,Com,CR/LDUAL+CDM+LFC:9.0/HBET:6-/SOS/COM,18.1810,11.6467,6.5343
ALB,Albania,12,Vlore,Com,CR/LFINF+CDM+LFC:9.0/H:1/COM,4.4823,2.4340,2.0482
ALB,Albania,12,Vlore,Com,CR/LFINF+CDM+LFC:9.0/H:2/COM,106.2372,68.2412,37.9960
ALB,Albania,12,Vlore,Com,CR/LFINF+CDM+LFC:9.0/HBET:3-5/COM,47.1393,30.1144,17.0249
ALB,Albania,12,Vlore,Com,CR/LFINF+CDM+LFC:9.0/HBET:3-5/SOS/COM,27.8827,17.6823,10.2004
ALB,Albania,12,Vlore,Com,MCF/LWAL+CDL/H:1/COM,98.5704,32.1119,66.4584
ALB,Albania,12,Vlore,Com,MCF/LWAL+CDL/H:2/COM,41.6751,22.4142,19.2609
ALB,Albania,12,Vlore,Com,MCF/LWAL+CDL/HBET:3-5/COM,7.6987,4.6921,3.0066
ALB,Albania,12,Vlore,Com,MUR/LWAL+CDN/H:1/COM,652.9852,562.4966,90.4886
ALB,Albania,12,Vlore,Com,MUR/LWAL+CDN/H:2/COM,74.5915,64.5080,10.0835
ALB,Albania,12,Vlore,Com,MUR/LWAL+CDN/HBET:3-5/COM,7.2353,6.2393,0.9960
ALB,Albania,12,Vlore,Ind,CR+PC/LFM+CDM/H:1/IND,11.6267,3.6543,7.9724
ALB,Albania,12,Vlore,Ind,MCF/LWAL+CDL/H:1/IND,26.8341,11.3193,15.5148
ALB,Albania,12,Vlore,Ind,MUR/LWAL+CDN/H:2/IND,87.3498,79.8134,7.5363
ALB,Albania,12,Vlore,Ind,S+SL/LFM+CDM/H:1/IND,7.0619,3.9682,3.0937
ALB,Albania,12,Vlore,Ind,S/LFM+CDM/H:1/IND,8.5263,4.6941,3.8323
ALB,Albania,12,Vlore,Res,CR+PC/LWAL+CDM+LFC:9.0/H:2/RES,4.3697,1.6327,2.7370
ALB,Albania,12,Vlore,Res,CR+PC/LWAL+CDM+LFC:9.0/HBET:3-5/RES,167.2289,86.3892,80.8397
ALB,Albania,12,Vlore,Res,CR+PC/LWAL+CDM+LFC:9.0/HBET:6-/RES,346.3872,177.3702,169.0170
ALB,Albania,12,Vlore,Res,CR/LDUAL+CDL+LFC:9.0/HBET:6-/RES,149.3610,75.6812,73.6797
ALB,Albania,12,Vlore,Res,CR/LDUAL+CDM+LFC:9.0/HBET:6-/RES,133.3346,68.8131,64.5215
ALB,Albania,12,Vlore,Res,CR/LDUAL+CDM+LFC:9.0/HBET:6-/SOS/RES,1266.6345,640.3909,626.2435
ALB,Albania,12,Vlore,Res,CR/LFINF+CDL+LFC:9.0/HBET:3-5/RES,386.9370,186.0212,200.9158
ALB,Albania,12,Vlore,Res,CR/LFINF+CDM+LFC:9.0/H:2/RES,318.0909,155.6597,162.4312
ALB,Albania,12,Vlore,Res,CR/LFINF+CDM+LFC:9.0/HBET:3-5/RES,950.9144,460.3180,490.5964
ALB,Albania,12,Vlore,Res,CR/LFINF+CDM+LFC:9.0/HBET:3-5/SOS/RES,970.0735,472.9978,497.0757
ALB,Albania,12,Vlore,Res,MCF/LWAL+CDL/H:1/RES,530.4000,152.4125,377.9874
ALB,Albania,12,Vlore,Res,MCF/LWAL+CDL/H:2/RES,121.4580,51.4558,70.0023
ALB,Albania,12,Vlore,Res,MCF/LWAL+CDL/HBET:3-5/RES,319.9882,153.5632,166.4250
ALB,Albania,12,Vlore,Res,MUR/LWAL+CDN/H:1/RES,3485.6024,3007.0204,478.5820
ALB,Albania,12,Vlore,Res,MUR/LWAL+CDN/H:2/RES,224.8079,191.4438,33.3641
ALB,Albania,12,Vlore,Res,MUR/LWAL+CDN/HBET:3-5/RES,151.2247,129.2606,21.9641
ALB,Albania,12,Vlore,Res,W/LWAL+CDL/H:1/RES,32.0606,10.8312,21.2294
ALB,Albania,12,Vlore,Res,W/LWAL+CDL/H:2/RES,2.7217,0.9189,1.8028
ALB,Albania,2,Diber,Com,CR+PC/LWAL+CDM+LFC:9.0/H:1/COM,0.1801,0.0208,0.1593
ALB,Albania,2,Diber,Com,CR+PC/LWAL+CDM+LFC:9.0/H:2/COM,0.4341,0.1698,0.2643
ALB,Albania,2,Diber,Com,CR+PC/LWAL+CDM+LFC:9.0/HBET:3-5/COM,0.6747,0.4138,0.2609
ALB,Albania,2,Diber,Com,CR+PC/LWAL+CDM+LFC:9.0/HBET:6-/COM,0.4106,0.2844,0.1262
ALB,Albania,2,Diber,Com,CR/LDUAL+CDM+LFC:9.0/HBET:6-/COM,0.1862,0.1251,0.0611
ALB,Albania,2,Diber,Com,CR/LDUAL+CDM+LFC:9.0/HBET:6-/SOS/COM,1.1375,0.7557,0.3818
ALB,Albania,2,Diber,Com,CR/LFINF+CDM+LFC:9.0/H:1/COM,1.2052,0.6463,0.5589
ALB,Albania,2,Diber,Com,CR/LFINF+CDM+LFC:9.0/H:2/COM,11.5141,7.6161,3.8980
ALB,Albania,2,Diber,Com,CR/LFINF+CDM+LFC:9.0/HBET:3-5/COM,4.3376,2.8275,1.5101
ALB,Albania,2,Diber,Com,CR/LFINF+CDM+LFC:9.0/HBET:3-5/SOS/COM,2.2635,1.4750,0.7885
ALB,Albania,2,Diber,Com,MCF/LWAL+CDL/H:1/COM,27.2049,9.0449,18.1600
ALB,Albania,2,Diber,Com,MCF/LWAL+CDL/H:2/COM,9.0007,4.8991,4.1015
ALB,Albania,2,Diber,Com,MCF/LWAL+CDL/HBET:3-5/COM,0.5873,0.3611,0.2262
ALB,Albania,2,Diber,Com,MUR/LWAL+CDN/H:1/COM,150.4954,132.3917,18.1036
ALB,Albania,2,Diber,Com,MUR/LWAL+CDN/H:2/COM,17.1043,14.8390,2.2653
ALB,Albania,2,Diber,Com,MUR/LWAL+CDN/HBET:3-5/COM,0.7039,0.6229,0.0810
ALB,Albania,2,Diber,Ind,CR+PC/LFM+CDM/H:1/IND,0.9456,0.2806,0.6650
ALB,Albania,2,Diber,Ind,MCF/LWAL+CDL/H:1/IND,2.2352,0.8875,1.3476
ALB,Albania,2,Diber,Ind,MUR/LWAL+CDN/H:2/IND,7.6860,7.0649,0.6211
ALB,Albania,2,Diber,Ind,S+SL/LFM+CDM/H:1/IND,0.4785,0.2672,0.2113
ALB,Albania,2,Diber,Ind,S/LFM+CDM/H:1/IND,0.6084,0.3155,0.2929
ALB,Albania,2,Diber,Res,CR+PC/LWAL+CDM+LFC:4.0/H:2/RES,1.2346,0.3052,0.9294
ALB,Albania,2,Diber,Res,CR+PC/LWAL+CDM+LFC:4.0/HBET:3-5/RES,14.4630,6.5295,7.9335
ALB,Albania,2,Diber,Res,CR+PC/LWAL+CDM+LFC:4.0/HBET:6-/RES,4.5149,2.3204,2.1945
ALB,Albania,2,Diber,Res,CR+PC/LWAL+CDM+LFC:9.0/H:2/RES,0.6313,0.2441,0.3872
ALB,Albania,2,Diber,Res,CR+PC/LWAL+CDM+LFC:9.0/HBET:3-5/RES,8.3165,4.2852,4.0313
ALB,Albania,2,Diber,Res,CR+PC/LWAL+CDM+LFC:9.0/HBET:6-/RES,5.2412,2.6449,2.5963
ALB,Albania,2,Diber,Res,CR/LDUAL+CDL+LFC:5.0/HBET:6-/RES,0.3029,0.1521,0.1507
ALB,Albania,2,Diber,Res,CR/LDUAL+CDL+LFC:9.0/HBET:6-/RES,0.8287,0.4238,0.4049
ALB,Albania,2,Diber,Res,CR/LDUAL+CDM+LFC:4.0/HBET:6-/RES,0.4175,0.2053,0.2122
ALB,Albania,2,Diber,Res,CR/LDUAL+CDM+LFC:4.0/HBET:6-/SOS/RES,2.3270,1.2055,1.1215
ALB,Albania,2,Diber,Res,CR/LDUAL+CDM+LFC:9.0/HBET:6-/RES,0.6023,0.2801,0.3222
ALB,Albania,2,Diber,Res,CR/LDUAL+CDM+LFC:9.0/HBET:6-/SOS/RES,5.6462,2.8068,2.8394
ALB,Albania,2,Diber,Res,CR/LFINF+CDL+LFC:5.0/HBET:3-5/RES,7.1701,3.4183,3.7518
ALB,Albania,2,Diber,Res,CR/LFINF+CDL+LFC:9.0/HBET:3-5/RES,8.6976,4.0041,4.6935
ALB,Albania,2,Diber,Res,CR/LFINF+CDM+LFC:4.0/H:2/RES,19.0589,9.1725,9.8864
ALB,Albania,2,Diber,Res,CR/LFINF+CDM+LFC:4.0/HBET:3-5/RES,32.7881,15.5070,17.2811
ALB,Albania,2,Diber,Res,CR/LFINF+CDM+LFC:4.0/HBET:3-5/SOS/RES,18.0306,8.5877,9.4429
ALB,Albania,2,Diber,Res,CR/LFINF+CDM+LFC:9.0/H:2/RES,18.0064,8.8126,9.1938
ALB,Albania,2,Diber,Res,CR/LFINF+CDM+LFC:9.0/HBET:3-5/RES,30.7599,14.9520,15.8079
ALB,Albania,2,Diber,Res,CR/LFINF+CDM+LFC:9.0/HBET:3-5/SOS/RES,22.3607,10.6312,11.7296
ALB,Albania,2,Diber,Res,MCF/LWAL+CDL/H:1/RES,164.6916,47.2762,117.4154
ALB,Albania,2,Diber,Res,MCF/LWAL+CDL/H:2/RES,26.0604,10.6432,15.4173
ALB,Albania,2,Diber,Res,MCF/LWAL+CDL/HBET:3-5/RES,11.7753,5.3003,6.4750
ALB,Albania,2,Diber,Res,MUR/LWAL+CDN/H:1/RES,1075.6665,933.9687,141.6978
ALB,Albania,2,Diber,Res,MUR/LWAL+CDN/H:2/RES,50.2196,42.9411,7.2785
ALB,Albania,2,Diber,Res,MUR/LWAL+CDN/HBET:3-5/RES,14.9622,12.8800,2.0822
ALB,Albania,2,Diber,Res,W/LWAL+CDL/H:1/RES,8.9635,2.9899,5.9736
ALB,Albania,2,Diber,Res,W/LWAL+CDL/H:2/RES,0.5614,0.1898,0.3716
ALB,Albania,3,Durres,Com,CR+PC/LWAL+CDM+LFC:9.0/H:1/COM,0.7656,0.1072,0.6584
ALB,Albania,3,Durres,Com,CR+PC/LWAL+CDM+LFC:9.0/H:2/COM,1.5185,0.4977,1.0208
ALB,Albania,3,Durres,Com,CR+PC/LWAL+CDM+LFC:9.0/HBET:3-5/COM,3.0033,1.7967,1.2066
ALB,Albania,3,Durres,Com,CR+PC/LWAL+CDM+LFC:9.0/HBET:6-/COM,3.0076,1.9907,1.0169
ALB,Albania,3,Durres,Com,CR/LDUAL+CDM+LFC:9.0/HBET:6-/COM,2.1398,1.3988,0.7410
ALB,Albania,3,Durres,Com,CR/LDUAL+CDM+LFC:9.0/HBET:6-/SOS/COM,12.9133,8.4251,4.4882
ALB,Albania,3,Durres,Com,CR/LFINF+CDM+LFC:9.0/H:1/COM,3.9263,2.1167,1.8096
ALB,Albania,3,Durres,Com,CR/LFINF+CDM+LFC:9.0/H:2/COM,66.6552,42.7386,23.9167
ALB,Albania,3,Durres,Com,CR/LFINF+CDM+LFC:9.0/HBET:3-5/COM,25.7723,16.5394,9.2329
ALB,Albania,3,Durres,Com,CR/LFINF+CDM+LFC:9.0/HBET:3-5/SOS/COM,15.4413,9.8131,5.6283
ALB,Albania,3,Durres,Com,MCF/LWAL+CDL/H:1/COM,92.0161,32.2770,59.7391
ALB,Albania,3,Durres,Com,MCF/LWAL+CDL/H:2/COM,34.4897,18.6141,15.8755
ALB,Albania,3,Durres,Com,MCF/LWAL+CDL/HBET:3-5/COM,4.0131,2.4444,1.5687
ALB,Albania,3,Durres,Com,MUR/LWAL+CDN/H:1/COM,560.5277,486.0253,74.5024
ALB,Albania,3,Durres,Com,MUR/LWAL+CDN/H:2/COM,65.1968,56.4394,8.7574
ALB,Albania,3,Durres,Com,MUR/LWAL+CDN/HBET:3-5/COM,3.8272,3.3127,0.5145
ALB,Albania,3,Durres,Ind,CR+PC/LFM+CDM/H:1/IND,18.6180,6.4151,12.2029
ALB,Albania,3,Durres,Ind,MCF/LWAL+CDL/H:1/IND,45.3130,20.8322,24.4808
ALB,Albania,3,Durres,Ind,MUR/LWAL+CDN/H:2/IND,132.5119,121.4894,11.0224
ALB,Albania,3,Durres,Ind,S+SL/LFM+CDM/H:1/IND,10.2540,5.8007,4.4533
ALB,Albania,3,Durres,Ind,S/LFM+CDM/H:1/IND,12.0599,6.7982,5.2617
ALB,Albania,3,Durres,Res,CR+PC/LWAL+CDM+LFC:4.0/H:2/RES,0.7680,0.2026,0.5654
ALB,Albania,3,Durres,Res,CR+PC/LWAL+CDM+LFC:4.0/HBET:3-5/RES,21.9492,9.9403,12.0089
ALB,Albania,3,Durres,Res,CR+PC/LWAL+CDM+LFC:4.0/HBET:6-/RES,52.7945,26.8379,25.9567
ALB,Albania,3,Durres,Res,CR+PC/LWAL+CDM+LFC:9.0/H:2/RES,4.6598,1.8165,2.8433
ALB,Albania,3,Durres,Res,CR+PC/LWAL+CDM+LFC:9.0/HBET:3-5/RES,142.0116,73.2200,68.7916
ALB,Albania,3,Durres,Res,CR+PC/LWAL+CDM+LFC:9.0/HBET:6-/RES,213.0766,113.7617,99.3149
ALB,Albania,3,Durres,Res,CR/LDUAL+CDL+LFC:5.0/HBET:6-/RES,0.7160,0.3479,0.3681
ALB,Albania,3,Durres,Res,CR/LDUAL+CDL+LFC:9.0/HBET:6-/RES,77.4231,39.7832,37.6399
ALB,Albania,3,Durres,Res,CR/LDUAL+CDM+LFC:4.0/HBET:6-/RES,0.9581,0.5046,0.4535
ALB,Albania,3,Durres,Res,CR/LDUAL+CDM+LFC:4.0/HBET:6-/SOS/RES,4.9661,2.5543,2.4118
ALB,Albania,3,Durres,Res,CR/LDUAL+CDM+LFC:9.0/HBET:6-/RES,63.9678,33.2624,30.7054
ALB,Albania,3,Durres,Res,CR/LDUAL+CDM+LFC:9.0/HBET:6-/SOS/RES,602.4671,308.7531,293.7140
ALB,Albania,3,Durres,Res,CR/LFINF+CDL+LFC:5.0/HBET:3-5/RES,4.2158,1.9021,2.3137
ALB,Albania,3,Durres,Res,CR/LFINF+CDL+LFC:9.0/HBET:3-5/RES,220.3878,105.6547,114.7331
ALB,Albania,3,Durres,Res,CR/LFINF+CDM+LFC:4.0/H:2/RES,17.1029,8.3468,8.7561
ALB,Albania,3,Durres,Res,CR/LFINF+CDM+LFC:4.0/HBET:3-5/RES,78.2447,37.6524,40.5923
ALB,Albania,3,Durres,Res,CR/LFINF+CDM+LFC:4.0/HBET:3-5/SOS/RES,10.7171,5.2230,5.4941
ALB,Albania,3,Durres,Res,CR/LFINF+CDM+LFC:9.0/H:2/RES,242.8717,117.5729,125.2988
ALB,Albania,3,Durres,Res,CR/LFINF+CDM+LFC:9.0/HBET:3-5/RES,792.5968,384.4624,408.1344
ALB,Albania,3,Durres,Res,CR/LFINF+CDM+LFC:9.0/HBET:3-5/SOS/RES,527.5519,250.4175,277.1344
ALB,Albania,3,Durres,Res,MCF/LWAL+CDL/H:1/RES,489.6075,148.0808,341.5267
ALB,Albania,3,Durres,Res,MCF/LWAL+CDL/H:2/RES,120.5636,51.5406,69.0231
ALB,Albania,3,Durres,Res,MCF/LWAL+CDL/HBET:3-5/RES,176.0137,83.8256,92.1881
ALB,Albania,3,Durres,Res,MUR/LWAL+CDN/H:1/RES,3092.9226,2665.9751,426.9475
ALB,Albania,3,Durres,Res,MUR/LWAL+CDN/H:2/RES,216.1677,184.2094,31.9584
ALB,Albania,3,Durres,Res,MUR/LWAL+CDN/HBET:3-5/RES,200.0698,170.6739,29.3958
ALB,Albania,3,Durres,Res,W/LWAL+CDL/H:1/RES,27.9664,9.4607,18.5057
ALB,Albania,3,Durres,Res,W/LWAL+CDL/H:2/RES,2.6173,0.8838,1.7334
ALB,Albania,4,Elbasan,Com,CR+PC/LWAL+CDM+LFC:9.0/H:1/COM,0.4770,0.0357,0.4413
ALB,Albania,4,Elbasan,Com,CR+PC/LWAL+CDM+LFC:9.0/H:2/COM,1.0001,0.2898,0.7102
ALB,Albania,4,Elbasan,Com,CR+PC/LWAL+CDM+LFC:9.0/HBET:3-5/COM,2.4510,1.4357,1.0153
ALB,Albania,4,Elbasan,Com,CR+PC/LWAL+CDM+LFC:9.0/HBET:6-/COM,1.5605,1.0569,0.5036
ALB,Albania,4,Elbasan,Com,CR/LDUAL+CDM+LFC:9.0/HBET:6-/COM,0.7927,0.5316,0.2611
ALB,Albania,4,Elbasan,Com,CR/LDUAL+CDM+LFC:9.0/HBET:6-/SOS/COM,4.9788,3.2161,1.7627
ALB,Albania,4,Elbasan,Com,CR/LFINF+CDM+LFC:9.0/H:1/COM,3.6972,1.9797,1.7175
ALB,Albania,4,Elbasan,Com,CR/LFINF+CDM+LFC:9.0/H:2/COM,41.6651,27.1348,14.5303
ALB,Albania,4,Elbasan,Com,CR/LFINF+CDM+LFC:9.0/HBET:3-5/COM,17.7865,11.6240,6.1625
ALB,Albania,4,Elbasan,Com,CR/LFINF+CDM+LFC:9.0/HBET:3-5/SOS/COM,9.6129,6.2308,3.3822
ALB,Albania,4,Elbasan,Com,MCF/LWAL+CDL/H:1/COM,67.3033,20.0761,47.2273
ALB,Albania,4,Elbasan,Com,MCF/LWAL+CDL/H:2/COM,28.5116,15.6655,12.8460
ALB,Albania,4,Elbasan,Com,MCF/LWAL+CDL/HBET:3-5/COM,2.9099,1.7646,1.1453
ALB,Albania,4,Elbasan,Com,MUR/LWAL+CDN/H:1/COM,474.8089,411.4476,63.3612
ALB,Albania,4,Elbasan,Com,MUR/LWAL+CDN/H:2/COM,56.2295,48.6521,7.5774
ALB,Albania,4,Elbasan,Com,MUR/LWAL+CDN/HBET:3-5/COM,2.7235,2.3900,0.3336
ALB,Albania,4,Elbasan,Ind,CR+PC/LFM+CDM/H:1/IND,45.1077,14.4270,30.6807
ALB,Albania,4,Elbasan,Ind,MCF/LWAL+CDL/H:1/IND,107.9360,46.3251,61.6109
ALB,Albania,4,Elbasan,Ind,MUR/LWAL+CDN/H:2/IND,346.2197,318.3900,27.8298
ALB,Albania,4,Elbasan,Ind,S+SL/LFM+CDM/H:1/IND,23.4958,13.0840,10.4118
ALB,Albania,4,Elbasan,Ind,S/LFM+CDM/H:1/IND,29.6033,16.4964,13.1069
ALB,Albania,4,Elbasan,Res,CR+PC/LWAL+CDM+LFC:4.0/H:2/RES,1.4313,0.3554,1.0759
ALB,Albania,4,Elbasan,Res,CR+PC/LWAL+CDM+LFC:4.0/HBET:3-5/RES,23.4663,10.5575,12.9087
ALB,Albania,4,Elbasan,Res,CR+PC/LWAL+CDM+LFC:4.0/HBET:6-/RES,27.6030,14.1693,13.4337
ALB,Albania,4,Elbasan,Res,CR+PC/LWAL+CDM+LFC:9.0/H:2/RES,2.6000,0.9847,1.6153
ALB,Albania,4,Elbasan,Res,CR+PC/LWAL+CDM+LFC:9.0/HBET:3-5/RES,59.8207,30.4636,29.3570
ALB,Albania,4,Elbasan,Res,CR+PC/LWAL+CDM+LFC:9.0/HBET:6-/RES,34.0251,18.4485,15.5767
ALB,Albania,4,Elbasan,Res,CR/LDUAL+CDL+LFC:5.0/HBET:6-/RES,1.2314,0.6179,0.6135
ALB,Albania,4,Elbasan,Res,CR/LDUAL+CDL+LFC:9.0/HBET:6-/RES,10.3252,5.1638,5.1614
ALB,Albania,4,Elbasan,Res,CR/LDUAL+CDM+LFC:4.0/HBET:6-/RES,1.7809,0.8551,0.9258
ALB,Albania,4,Elbasan,Res,CR/LDUAL+CDM+LFC:4.0/HBET:6-/SOS/RES,9.6177,4.7998,4.8179
ALB,Albania,4,Elbasan,Res,CR/LDUAL+CDM+LFC:9.0/HBET:6-/RES,7.8402,4.2896,3.5506
ALB,Albania,4,Elbasan,Res,CR/LDUAL+CDM+LFC:9.0/HBET:6-/SOS/RES,81.0195,42.0258,38.9936
ALB,Albania,4,Elbasan,Res,CR/LFINF+CDL+LFC:5.0/HBET:3-5/RES,11.1425,5.2256,5.9170
ALB,Albania,4,Elbasan,Res,CR/LFINF+CDL+LFC:9.0/HBET:3-5/RES,87.0051,41.8662,45.1389
ALB,Albania,4,Elbasan,Res,CR/LFINF+CDM+LFC:4.0/H:2/RES,24.0874,11.5324,12.5549
ALB,Albania,4,Elbasan,Res,CR/LFINF+CDM+LFC:4.0/HBET:3-5/RES,55.2308,26.4052,28.8257
ALB,Albania,4,Elbasan,Res,CR/LFINF+CDM+LFC:4.0/HBET:3-5/SOS/RES,26.9571,12.8966,14.0605
ALB,Albania,4,Elbasan,Res,CR/LFINF+CDM+LFC:9.0/H:2/RES,126.7900,61.8280,64.9620
ALB,Albania,4,Elbasan,Res,CR/LFINF+CDM+LFC:9.0/HBET:3-5/RES,257.1824,123.0519,134.1305
ALB,Albania,4,Elbasan,Res,CR/LFINF+CDM+LFC:9.0/HBET:3-5/SOS/RES,219.3800,105.5739,113.8061
ALB,Albania,4,Elbasan,Res,MCF/LWAL+CDL/H:1/RES,408.6738,113.4098,295.2640
ALB,Albania,4,Elbasan,Res,MCF/LWAL+CDL/H:2/RES,91.2461,37.7854,53.4606
ALB,Albania,4,Elbasan,Res,MCF/LWAL+CDL/HBET:3-5/RES,76.1500,35.8366,40.3135
ALB,Albania,4,Elbasan,Res,MUR/LWAL+CDN/H:1/RES,2876.0811,2499.1669,376.9142
ALB,Albania,4,Elbasan,Res,MUR/LWAL+CDN/H:2/RES,175.1902,149.7452,25.4450
ALB,Albania,4,Elbasan,Res,MUR/LWAL+CDN/HBET:3-5/RES,69.2298,59.3584,9.8714
ALB,Albania,4,Elbasan,Res,W/LWAL+CDL/H:1/RES,24.6736,8.3106,16.3630
ALB,Albania,4,Elbasan,Res,W/LWAL+CDL/H:2/RES,1.9421,0.6443,1.2977
ALB,Albania,5,Fier,Com,CR+PC/LWAL+CDM+LFC:9.0/H:1/COM,0.8458,0.1332,0.7126
ALB,Albania,5,Fier,Com,CR+PC/LWAL+CDM+LFC:9.0/H:2/COM,2.3328,0.9388,1.3940
ALB,Albania,5,Fier,Com,CR+PC/LWAL+CDM+LFC:9.0/HBET:3-5/COM,4.3705,2.5977,1.7728
ALB,Albania,5,Fier,Com,CR+PC/LWAL+CDM+LFC:9.0/HBET:6-/COM,4.9204,3.2118,1.7087
ALB,Albania,5,Fier,Com,CR/LDUAL+CDM+LFC:9.0/HBET:6-/COM,2.5867,1.6854,0.9013
ALB,Albania,5,Fier,Com,CR/LDUAL+CDM+LFC:9.0/HBET:6-/SOS/COM,17.3817,11.2668,6.1149
ALB,Albania,5,Fier,Com,CR/LFINF+CDM+LFC:9.0/H:1/COM,5.3371,2.9494,2.3878
ALB,Albania,5,Fier,Com,CR/LFINF+CDM+LFC:9.0/H:2/COM,116.1986,75.5989,40.5996
ALB,Albania,5,Fier,Com,CR/LFINF+CDM+LFC:9.0/HBET:3-5/COM,45.9189,29.9611,15.9578
ALB,Albania,5,Fier,Com,CR/LFINF+CDM+LFC:9.0/HBET:3-5/SOS/COM,27.9412,18.2575,9.6837
ALB,Albania,5,Fier,Com,MCF/LWAL+CDL/H:1/COM,122.6518,43.6437,79.0081
ALB,Albania,5,Fier,Com,MCF/LWAL+CDL/H:2/COM,48.5878,26.3010,22.2867
ALB,Albania,5,Fier,Com,MCF/LWAL+CDL/HBET:3-5/COM,7.3586,4.4621,2.8965
ALB,Albania,5,Fier,Com,MUR/LWAL+CDN/H:1/COM,827.4453,721.4267,106.0186
ALB,Albania,5,Fier,Com,MUR/LWAL+CDN/H:2/COM,95.0441,82.8729,12.1712
ALB,Albania,5,Fier,Com,MUR/LWAL+CDN/HBET:3-5/COM,7.5681,6.6039,0.9643
ALB,Albania,5,Fier,Ind,CR+PC/LFM+CDM/H:1/IND,91.2706,30.0253,61.2453
ALB,Albania,5,Fier,Ind,MCF/LWAL+CDL/H:1/IND,214.5263,92.5975,121.9288
ALB,Albania,5,Fier,Ind,MUR/LWAL+CDN/H:2/IND,805.7609,741.2635,64.4974
ALB,Albania,5,Fier,Ind,S+SL/LFM+CDM/H:1/IND,54.2015,30.3814,23.8201
ALB,Albania,5,Fier,Ind,S/LFM+CDM/H:1/IND,67.2212,37.8388,29.3824
ALB,Albania,5,Fier,Res,CR+PC/LWAL+CDM+LFC:9.0/H:2/RES,3.9964,1.5435,2.4529
ALB,Albania,5,Fier,Res,CR+PC/LWAL+CDM+LFC:9.0/HBET:3-5/RES,115.8896,58.7417,57.1479
ALB,Albania,5,Fier,Res,CR+PC/LWAL+CDM+LFC:9.0/HBET:6-/RES,180.1848,93.6208,86.5640
ALB,Albania,5,Fier,Res,CR/LDUAL+CDL+LFC:9.0/HBET:6-/RES,51.3982,26.3523,25.0459
ALB,Albania,5,Fier,Res,CR/LDUAL+CDM+LFC:9.0/HBET:6-/RES,42.4002,22.0542,20.3460
ALB,Albania,5,Fier,Res,CR/LDUAL+CDM+LFC:9.0/HBET:6-/SOS/RES,455.0012,231.3527,223.6485
ALB,Albania,5,Fier,Res,CR/LFINF+CDL+LFC:9.0/HBET:3-5/RES,225.3788,108.4186,116.9601
ALB,Albania,5,Fier,Res,CR/LFINF+CDM+LFC:9.0/H:2/RES,311.9476,151.6365,160.3111
ALB,Albania,5,Fier,Res,CR/LFINF+CDM+LFC:9.0/HBET:3-5/RES,812.7199,388.7932,423.9268
ALB,Albania,5,Fier,Res,CR/LFINF+CDM+LFC:9.0/HBET:3-5/SOS/RES,573.3589,275.7773,297.5817
ALB,Albania,5,Fier,Res,MCF/LWAL+CDL/H:1/RES,663.6478,188.6866,474.9612
ALB,Albania,5,Fier,Res,MCF/LWAL+CDL/H:2/RES,129.3755,53.8989,75.4766
ALB,Albania,5,Fier,Res,MCF/LWAL+CDL/HBET:3-5/RES,181.4237,86.8400,94.5837
ALB,Albania,5,Fier,Res,MUR/LWAL+CDN/H:1/RES,5208.7591,4517.7211,691.0381
ALB,Albania,5,Fier,Res,MUR/LWAL+CDN/H:2/RES,242.6973,207.2643,35.4330
ALB,Albania,5,Fier,Res,MUR/LWAL+CDN/HBET:3-5/RES,175.5436,150.1061,25.4375
ALB,Albania,5,Fier,Res,W/LWAL+CDL/H:1/RES,45.6099,15.3447,30.2652
ALB,Albania,5,Fier,Res,W/LWAL+CDL/H:2/RES,2.7436,0.9201,1.8235
ALB,Albania,6,Gjirokaster,Com,CR+PC/LWAL+CDM+LFC:9.0/H:1/COM,0.1310,0.0171,0.1139
ALB,Albania,6,Gjirokaster,Com,CR+PC/LWAL+CDM+LFC:9.0/H:2/COM,0.2971,0.0943,0.2028
ALB,Albania,6,Gjirokaster,Com,CR+PC/LWAL+CDM+LFC:9.0/HBET:3-5/COM,0.5438,0.3403,0.2035
ALB,Albania,6,Gjirokaster,Com,CR+PC/LWAL+CDM+LFC:9.0/HBET:6-/COM,0.3026,0.2046,0.0981
ALB,Albania,6,Gjirokaster,Com,CR/LDUAL+CDM+LFC:9.0/HBET:6-/COM,0.3611,0.2369,0.1242
ALB,Albania,6,Gjirokaster,Com,CR/LDUAL+CDM+LFC:9.0/HBET:6-/SOS/COM,2.3405,1.5185,0.8219
ALB,Albania,6,Gjirokaster,Com,CR/LFINF+CDM+LFC:9.0/H:1/COM,0.7341,0.4000,0.3341
ALB,Albania,6,Gjirokaster,Com,CR/LFINF+CDM+LFC:9.0/H:2/COM,12.0687,7.8964,4.1723
ALB,Albania,6,Gjirokaster,Com,CR/LFINF+CDM+LFC:9.0/HBET:3-5/COM,4.6638,3.0304,1.6333
ALB,Albania,6,Gjirokaster,Com,CR/LFINF+CDM+LFC:9.0/HBET:3-5/SOS/COM,3.5417,2.2536,1.2882
ALB,Albania,6,Gjirokaster,Com,MCF/LWAL+CDL/H:1/COM,15.7559,5.1686,10.5872
ALB,Albania,6,Gjirokaster,Com,MCF/LWAL+CDL/H:2/COM,6.6411,3.5032,3.1379
ALB,Albania,6,Gjirokaster,Com,MCF/LWAL+CDL/HBET:3-5/COM,0.4749,0.2821,0.1928
ALB,Albania,6,Gjirokaster,Com,MUR/LWAL+CDN/H:1/COM,130.1280,114.0636,16.0644
ALB,Albania,6,Gjirokaster,Com,MUR/LWAL+CDN/H:2/COM,15.4245,13.4578,1.9667
ALB,Albania,6,Gjirokaster,Com,MUR/LWAL+CDN/HBET:3-5/COM,1.0838,0.9466,0.1372
ALB,Albania,6,Gjirokaster,Ind,CR+PC/LFM+CDM/H:1/IND,10.2009,3.0139,7.1869
ALB,Albania,6,Gjirokaster,Ind,MCF/LWAL+CDL/H:1/IND,24.1548,10.3735,13.7813
ALB,Albania,6,Gjirokaster,Ind,MUR/LWAL+CDN/H:2/IND,89.3556,82.4173,6.9383
ALB,Albania,6,Gjirokaster,Ind,S+SL/LFM+CDM/H:1/IND,5.5161,3.0435,2.4725
ALB,Albania,6,Gjirokaster,Ind,S/LFM+CDM/H:1/IND,6.8083,3.7964,3.0119
ALB,Albania,6,Gjirokaster,Res,CR+PC/LWAL+CDM+LFC:4.0/H:2/RES,0.5511,0.1328,0.4183
ALB,Albania,6,Gjirokaster,Res,CR+PC/LWAL+CDM+LFC:4.0/HBET:3-5/RES,13.3795,6.1951,7.1843
ALB,Albania,6,Gjirokaster,Res,CR+PC/LWAL+CDM+LFC:4.0/HBET:6-/RES,11.0943,5.7170,5.3773
ALB,Albania,6,Gjirokaster,Res,CR+PC/LWAL+CDM+LFC:9.0/H:2/RES,0.3868,0.1295,0.2572
ALB,Albania,6,Gjirokaster,Res,CR+PC/LWAL+CDM+LFC:9.0/HBET:3-5/RES,14.7288,7.0003,7.7285
ALB,Albania,6,Gjirokaster,Res,CR+PC/LWAL+CDM+LFC:9.0/HBET:6-/RES,18.8252,9.7115,9.1137
ALB,Albania,6,Gjirokaster,Res,CR/LDUAL+CDL+LFC:5.0/HBET:6-/RES,1.4790,0.7430,0.7360
ALB,Albania,6,Gjirokaster,Res,CR/LDUAL+CDL+LFC:9.0/HBET:6-/RES,4.1571,2.1335,2.0236
ALB,Albania,6,Gjirokaster,Res,CR/LDUAL+CDM+LFC:4.0/HBET:6-/RES,2.0310,1.0337,0.9973
ALB,Albania,6,Gjirokaster,Res,CR/LDUAL+CDM+LFC:4.0/HBET:6-/SOS/RES,13.6925,6.8552,6.8374
ALB,Albania,6,Gjirokaster,Res,CR/LDUAL+CDM+LFC:9.0/HBET:6-/RES,3.2335,1.5837,1.6498
ALB,Albania,6,Gjirokaster,Res,CR/LDUAL+CDM+LFC:9.0/HBET:6-/SOS/RES,35.0197,18.2406,16.7792
ALB,Albania,6,Gjirokaster,Res,CR/LFINF+CDL+LFC:5.0/HBET:3-5/RES,10.6863,5.0386,5.6476
ALB,Albania,6,Gjirokaster,Res,CR/LFINF+CDL+LFC:9.0/HBET:3-5/RES,32.5369,15.5715,16.9655
ALB,Albania,6,Gjirokaster,Res,CR/LFINF+CDM+LFC:4.0/H:2/RES,14.7213,7.1816,7.5397
ALB,Albania,6,Gjirokaster,Res,CR/LFINF+CDM+LFC:4.0/HBET:3-5/RES,26.9398,13.0504,13.8894
ALB,Albania,6,Gjirokaster,Res,CR/LFINF+CDM+LFC:4.0/HBET:3-5/SOS/RES,27.4650,13.1683,14.2968
ALB,Albania,6,Gjirokaster,Res,CR/LFINF+CDM+LFC:9.0/H:2/RES,27.0439,13.3103,13.7336
ALB,Albania,6,Gjirokaster,Res,CR/LFINF+CDM+LFC:9.0/HBET:3-5/RES,67.2710,32.1870,35.0840
ALB,Albania,6,Gjirokaster,Res,CR/LFINF+CDM+LFC:9.0/HBET:3-5/SOS/RES,79.2585,36.9921,42.2664
ALB,Albania,6,Gjirokaster,Res,MCF/LWAL+CDL/H:1/RES,134.1968,35.5847,98.6121
ALB,Albania,6,Gjirokaster,Res,MCF/LWAL+CDL/H:2/RES,20.2356,8.0976,12.1380
ALB,Albania,6,Gjirokaster,Res,MCF/LWAL+CDL/HBET:3-5/RES,31.9930,14.8090,17.1840
ALB,Albania,6,Gjirokaster,Res,MUR/LWAL+CDN/H:1/RES,1172.2408,1022.6680,149.5728
ALB,Albania,6,Gjirokaster,Res,MUR/LWAL+CDN/H:2/RES,42.7271,36.5418,6.1853
ALB,Albania,6,Gjirokaster,Res,MUR/LWAL+CDN/HBET:3-5/RES,12.6638,10.8654,1.7983
ALB,Albania,6,Gjirokaster,Res,W/LWAL+CDL/H:1/RES,9.6324,3.2038,6.4286
ALB,Albania,6,Gjirokaster,Res,W/LWAL+CDL/H:2/RES,0.4536,0.1504,0.3032
ALB,Albania,7,Korce,Com,CR+PC/LWAL+CDM+LFC:9.0/H:1/COM,0.3235,0.0392,0.2843
ALB,Albania,7,Korce,Com,CR+PC/LWAL+CDM+LFC:9.0/H:2/COM,0.6401,0.2233,0.4168
ALB,Albania,7,Korce,Com,CR+PC/LWAL+CDM+LFC:9.0/HBET:3-5/COM,1.1732,0.7150,0.4582
ALB,Albania,7,Korce,Com,CR+PC/LWAL+CDM+LFC:9.0/HBET:6-/COM,1.3541,0.9026,0.4514
ALB,Albania,7,Korce,Com,CR/LDUAL+CDM+LFC:9.0/HBET:6-/COM,0.4207,0.2723,0.1484
ALB,Albania,7,Korce,Com,CR/LDUAL+CDM+LFC:9.0/HBET:6-/SOS/COM,4.7062,3.1160,1.5902
ALB,Albania,7,Korce,Com,CR/LFINF+CDM+LFC:9.0/H:1/COM,1.9842,1.0635,0.9207
ALB,Albania,7,Korce,Com,CR/LFINF+CDM+LFC:9.0/H:2/COM,31.5211,20.4868,11.0343
ALB,Albania,7,Korce,Com,CR/LFINF+CDM+LFC:9.0/HBET:3-5/COM,10.8536,7.1621,3.6915
ALB,Albania,7,Korce,Com,CR/LFINF+CDM+LFC:9.0/HBET:3-5/SOS/COM,7.7046,4.9376,2.7670
ALB,Albania,7,Korce,Com,MCF/LWAL+CDL/H:1/COM,41.1821,13.1067,28.0755
ALB,Albania,7,Korce,Com,MCF/LWAL+CDL/H:2/COM,14.5414,7.7080,6.8335
ALB,Albania,7,Korce,Com,MCF/LWAL+CDL/HBET:3-5/COM,0.7681,0.4909,0.2772
ALB,Albania,7,Korce,Com,MUR/LWAL+CDN/H:1/COM,278.1074,243.1574,34.9500
ALB,Albania,7,Korce,Com,MUR/LWAL+CDN/H:2/COM,32.7870,28.5104,4.2767
ALB,Albania,7,Korce,Com,MUR/LWAL+CDN/HBET:3-5/COM,1.9344,1.6923,0.2421
ALB,Albania,7,Korce,Ind,CR+PC/LFM+CDM/H:1/IND,8.5955,2.8020,5.7935
ALB,Albania,7,Korce,Ind,MCF/LWAL+CDL/H:1/IND,20.2146,8.5407,11.6739
ALB,Albania,7,Korce,Ind,MUR/LWAL+CDN/H:2/IND,64.5401,59.1187,5.4214
ALB,Albania,7,Korce,Ind,S+SL/LFM+CDM/H:1/IND,4.3773,2.4240,1.9533
ALB,Albania,7,Korce,Ind,S/LFM+CDM/H:1/IND,5.5875,3.1380,2.4495
ALB,Albania,7,Korce,Res,CR+PC/LWAL+CDM+LFC:4.0/H:2/RES,0.3564,0.0881,0.2683
ALB,Albania,7,Korce,Res,CR+PC/LWAL+CDM+LFC:4.0/HBET:3-5/RES,9.5061,4.1936,5.3125
ALB,Albania,7,Korce,Res,CR+PC/LWAL+CDM+LFC:4.0/HBET:6-/RES,16.8118,8.4371,8.3747
ALB,Albania,7,Korce,Res,CR+PC/LWAL+CDM+LFC:9.0/H:2/RES,1.2222,0.4450,0.7773
ALB,Albania,7,Korce,Res,CR+PC/LWAL+CDM+LFC:9.0/HBET:3-5/RES,38.5428,20.1536,18.3891
ALB,Albania,7,Korce,Res,CR+PC/LWAL+CDM+LFC:9.0/HBET:6-/RES,39.3483,20.4624,18.8859
ALB,Albania,7,Korce,Res,CR/LDUAL+CDL+LFC:5.0/HBET:6-/RES,1.2460,0.6709,0.5751
ALB,Albania,7,Korce,Res,CR/LDUAL+CDL+LFC:9.0/HBET:6-/RES,13.5906,7.0532,6.5375
ALB,Albania,7,Korce,Res,CR/LDUAL+CDM+LFC:4.0/HBET:6-/RES,1.7515,0.8642,0.8873
ALB,Albania,7,Korce,Res,CR/LDUAL+CDM+LFC:4.0/HBET:6-/SOS/RES,10.2482,5.2019,5.0463
ALB,Albania,7,Korce,Res,CR/LDUAL+CDM+LFC:9.0/HBET:6-/RES,11.8105,5.8378,5.9727
ALB,Albania,7,Korce,Res,CR/LDUAL+CDM+LFC:9.0/HBET:6-/SOS/RES,106.6975,53.1499,53.5476
ALB,Albania,7,Korce,Res,CR/LFINF+CDL+LFC:5.0/HBET:3-5/RES,7.2158,3.4197,3.7960
ALB,Albania,7,Korce,Res,CR/LFINF+CDL+LFC:9.0/HBET:3-5/RES,60.7889,28.7519,32.0370
ALB,Albania,7,Korce,Res,CR/LFINF+CDM+LFC:4.0/H:2/RES,7.4418,3.5508,3.8910
ALB,Albania,7,Korce,Res,CR/LFINF+CDM+LFC:4.0/HBET:3-5/RES,19.4065,9.3259,10.0806
ALB,Albania,7,Korce,Res,CR/LFINF+CDM+LFC:4.0/HBET:3-5/SOS/RES,17.9329,8.7443,9.1886
ALB,Albania,7,Korce,Res,CR/LFINF+CDM+LFC:9.0/H:2/RES,63.3190,30.5314,32.7876
ALB,Albania,7,Korce,Res,CR/LFINF+CDM+LFC:9.0/HBET:3-5/RES,178.3827,85.9096,92.4730
ALB,Albania,7,Korce,Res,CR/LFINF+CDM+LFC:9.0/HBET:3-5/SOS/RES,154.1823,73.7936,80.3887
ALB,Albania,7,Korce,Res,MCF/LWAL+CDL/H:1/RES,265.8559,75.4741,190.3818
ALB,Albania,7,Korce,Res,MCF/LWAL+CDL/H:2/RES,37.1846,15.3997,21.7849
ALB,Albania,7,Korce,Res,MCF/LWAL+CDL/HBET:3-5/RES,52.7825,25.0843,27.6983
ALB,Albania,7,Korce,Res,MUR/LWAL+CDN/H:1/RES,1921.6699,1672.0036,249.6663
ALB,Albania,7,Korce,Res,MUR/LWAL+CDN/H:2/RES,72.2519,61.8356,10.4163
ALB,Albania,7,Korce,Res,MUR/LWAL+CDN/HBET:3-5/RES,39.7001,34.0425,5.6576
ALB,Albania,7,Korce,Res,W/LWAL+CDL/H:1/RES,16.2563,5.4014,10.8549
ALB,Albania,7,Korce,Res,W/LWAL+CDL/H:2/RES,0.7692,0.2556,0.5136
ALB,Albania,8,Kukes,Com,CR+PC/LWAL+CDM+LFC:9.0/H:1/COM,0.0991,0.0147,0.0845
ALB,Albania,8,Kukes,Com,CR+PC/LWAL+CDM+LFC:9.0/H:2/COM,0.2446,0.0867,0.1579
ALB,Albania,8,Kukes,Com,CR+PC/LWAL+CDM+LFC:9.0/HBET:3-5/COM,0.4214,0.2473,0.1741
ALB,Albania,8,Kukes,Com,CR+PC/LWAL+CDM+LFC:9.0/HBET:6-/COM,0.4004,0.2632,0.1371
ALB,Albania,8,Kukes,Com,CR/LDUAL+CDM+LFC:9.0/HBET:6-/COM,0.0708,0.0444,0.0264
ALB,Albania,8,Kukes,Com,CR/LDUAL+CDM+LFC:9.0/HBET:6-/SOS/COM,1.1128,0.7362,0.3767
ALB,Albania,8,Kukes,Com,CR/LFINF+CDM+LFC:9.0/H:1/COM,0.5614,0.3086,0.2527
ALB,Albania,8,Kukes,Com,CR/LFINF+CDM+LFC:9.0/H:2/COM,7.0431,4.6389,2.4042
ALB,Albania,8,Kukes,Com,CR/LFINF+CDM+LFC:9.0/HBET:3-5/COM,3.3086,2.1082,1.2005
ALB,Albania,8,Kukes,Com,CR/LFINF+CDM+LFC:9.0/HBET:3-5/SOS/COM,1.9754,1.2165,0.7588
ALB,Albania,8,Kukes,Com,MCF/LWAL+CDL/H:1/COM,13.3927,4.4431,8.9495
ALB,Albania,8,Kukes,Com,MCF/LWAL+CDL/H:2/COM,4.3943,2.2903,2.1040
ALB,Albania,8,Kukes,Com,MCF/LWAL+CDL/HBET:3-5/COM,0.1995,0.1176,0.0819
ALB,Albania,8,Kukes,Com,MUR/LWAL+CDN/H:1/COM,76.3593,66.7092,9.6501
ALB,Albania,8,Kukes,Com,MUR/LWAL+CDN/H:2/COM,8.4247,7.3205,1.1042
ALB,Albania,8,Kukes,Com,MUR/LWAL+CDN/HBET:3-5/COM,0.5497,0.4770,0.0727
ALB,Albania,8,Kukes,Res,CR+PC/LWAL+CDM+LFC:0.0/H:2/RES,0.1469,0.0386,0.1082
ALB,Albania,8,Kukes,Res,CR+PC/LWAL+CDM+LFC:0.0/HBET:3-5/RES,0.7506,0.3287,0.4220
ALB,Albania,8,Kukes,Res,CR+PC/LWAL+CDM+LFC:0.0/HBET:6-/RES,0.5823,0.2862,0.2960
ALB,Albania,8,Kukes,Res,CR+PC/LWAL+CDM+LFC:4.0/H:2/RES,0.5539,0.1430,0.4109
ALB,Albania,8,Kukes,Res,CR+PC/LWAL+CDM+LFC:4.0/HBET:3-5/RES,2.8307,1.2975,1.5331
ALB,Albania,8,Kukes,Res,CR+PC/LWAL+CDM+LFC:4.0/HBET:6-/RES,2.1501,1.0990,1.0511
ALB,Albania,8,Kukes,Res,CR+PC/LWAL+CDM+LFC:9.0/H:2/RES,0.2977,0.1139,0.1838
ALB,Albania,8,Kukes,Res,CR+PC/LWAL+CDM+LFC:9.0/HBET:3-5/RES,6.0063,3.1682,2.8380
ALB,Albania,8,Kukes,Res,CR+PC/LWAL+CDM+LFC:9.0/HBET:6-/RES,8.1767,4.2409,3.9358
ALB,Albania,8,Kukes,Res,CR/LDUAL+CDL+LFC:9.0/HBET:6-/RES,1.0049,0.5126,0.4923
ALB,Albania,8,Kukes,Res,CR/LDUAL+CDM+LFC:9.0/HBET:6-/RES,0.7811,0.4001,0.3810
ALB,Albania,8,Kukes,Res,CR/LDUAL+CDM+LFC:9.0/HBET:6-/SOS/RES,7.3226,3.6840,3.6386
ALB,Albania,8,Kukes,Res,CR/LFINF+CDL+LFC:5.0/HBET:3-5/RES,0.5940,0.2839,0.3101
ALB,Albania,8,Kukes,Res,CR/LFINF+CDL+LFC:9.0/HBET:3-5/RES,10.1640,5.0017,5.1623
ALB,Albania,8,Kukes,Res,CR/LFINF+CDM+LFC:0.0/H:2/RES,1.5013,0.7199,0.7814
ALB,Albania,8,Kukes,Res,CR/LFINF+CDM+LFC:0.0/HBET:3-5/RES,2.1662,0.9973,1.1689
ALB,Albania,8,Kukes,Res,CR/LFINF+CDM+LFC:4.0/H:2/RES,6.3068,3.0624,3.2445
ALB,Albania,8,Kukes,Res,CR/LFINF+CDM+LFC:4.0/HBET:3-5/RES,6.9867,3.3571,3.6296
ALB,Albania,8,Kukes,Res,CR/LFINF+CDM+LFC:4.0/HBET:3-5/SOS/RES,1.5029,0.7544,0.7485
ALB,Albania,8,Kukes,Res,CR/LFINF+CDM+LFC:9.0/H:2/RES,10.5792,4.9668,5.6124
ALB,Albania,8,Kukes,Res,CR/LFINF+CDM+LFC:9.0/HBET:3-5/RES,24.4078,11.7125,12.6954
ALB,Albania,8,Kukes,Res,CR/LFINF+CDM+LFC:9.0/HBET:3-5/SOS/RES,25.6032,12.6579,12.9453
ALB,Albania,8,Kukes,Res,MCF/LWAL+CDL/H:1/RES,49.2204,14.2526,34.9678
ALB,Albania,8,Kukes,Res,MCF/LWAL+CDL/H:2/RES,11.9457,4.9553,6.9903
ALB,Albania,8,Kukes,Res,MCF/LWAL+CDL/HBET:3-5/RES,8.7279,4.1182,4.6097
ALB,Albania,8,Kukes,Res,MCF/LWAL+CDN/H:1/RES,8.6466,2.4321,6.2144
ALB,Albania,8,Kukes,Res,MCF/LWAL+CDN/H:2/RES,1.0520,0.4252,0.6268
ALB,Albania,8,Kukes,Res,MUR/LWAL+CDN/H:1/RES,353.3837,305.8857,47.4980
ALB,Albania,8,Kukes,Res,MUR/LWAL+CDN/H:2/RES,24.1106,20.6082,3.5023
ALB,Albania,8,Kukes,Res,MUR/LWAL+CDN/HBET:3-5/RES,6.3283,5.4248,0.9036
ALB,Albania,8,Kukes,Res,W/LWAL+CDL/H:1/RES,2.9783,1.0028,1.9755
ALB,Albania,8,Kukes,Res,W/LWAL+CDL/H:2/RES,0.2693,0.0903,0.1791
ALB,Albania,9,Lezhe,Com,CR+PC/LWAL+CDM+LFC:9.0/H:1/COM,0.2468,0.0380,0.2087
ALB,Albania,9,Lezhe,Com,CR+PC/LWAL+CDM+LFC:9.0/H:2/COM,0.4911,0.1641,0.3269
ALB,Albania,9,Lezhe,Com,CR+PC/LWAL+CDM+LFC:9.0/HBET:3-5/COM,1.2865,0.8004,0.4862
ALB,Albania,9,Lezhe,Com,CR+PC/LWAL+CDM+LFC:9.0/HBET:6-/COM,2.2618,1.4721,0.7897
ALB,Albania,9,Lezhe,Com,CR/LDUAL+CDM+LFC:9.0/HBET:6-/COM,1.2174,0.8135,0.4039
ALB,Albania,9,Lezhe,Com,CR/LDUAL+CDM+LFC:9.0/HBET:6-/SOS/COM,2.1129,1.3794,0.7334
ALB,Albania,9,Lezhe,Com,CR/LFINF+CDM+LFC:9.0/H:1/COM,1.5619,0.8516,0.7103
ALB,Albania,9,Lezhe,Com,CR/LFINF+CDM+LFC:9.0/H:2/COM,40.9343,26.7234,14.2109
ALB,Albania,9,Lezhe,Com,CR/LFINF+CDM+LFC:9.0/HBET:3-5/COM,12.3522,8.0143,4.3379
ALB,Albania,9,Lezhe,Com,CR/LFINF+CDM+LFC:9.0/HBET:3-5/SOS/COM,11.6016,7.4617,4.1399
ALB,Albania,9,Lezhe,Com,MCF/LWAL+CDL/H:1/COM,33.0856,11.4051,21.6805
ALB,Albania,9,Lezhe,Com,MCF/LWAL+CDL/H:2/COM,14.1729,7.6255,6.5474
ALB,Albania,9,Lezhe,Com,MCF/LWAL+CDL/HBET:3-5/COM,3.0143,1.8604,1.1539
ALB,Albania,9,Lezhe,Com,MUR/LWAL+CDN/H:1/COM,252.2594,220.4777,31.7817
ALB,Albania,9,Lezhe,Com,MUR/LWAL+CDN/H:2/COM,28.2810,24.6272,3.6538
ALB,Albania,9,Lezhe,Com,MUR/LWAL+CDN/HBET:3-5/COM,3.1802,2.7804,0.3998
ALB,Albania,9,Lezhe,Ind,CR+PC/LFM+CDM/H:1/IND,2.5592,0.7787,1.7805
ALB,Albania,9,Lezhe,Ind,MCF/LWAL+CDL/H:1/IND,5.9901,2.4271,3.5631
ALB,Albania,9,Lezhe,Ind,MUR/LWAL+CDN/H:2/IND,23.5746,21.7850,1.7895
ALB,Albania,9,Lezhe,Ind,S+SL/LFM+CDM/H:1/IND,1.5020,0.8527,0.6492
ALB,Albania,9,Lezhe,Ind,S/LFM+CDM/H:1/IND,1.8280,1.0288,0.7992
ALB,Albania,9,Lezhe,Res,CR+PC/LWAL+CDM+LFC:4.0/H:2/RES,0.3723,0.0905,0.2817
ALB,Albania,9,Lezhe,Res,CR+PC/LWAL+CDM+LFC:4.0/HBET:3-5/RES,12.9688,5.5867,7.3820
ALB,Albania,9,Lezhe,Res,CR+PC/LWAL+CDM+LFC:4.0/HBET:6-/RES,5.5112,2.6925,2.8187
ALB,Albania,9,Lezhe,Res,CR+PC/LWAL+CDM+LFC:9.0/H:2/RES,0.5780,0.2257,0.3524
ALB,Albania,9,Lezhe,Res,CR+PC/LWAL+CDM+LFC:9.0/HBET:3-5/RES,25.2473,12.9487,12.2986
ALB,Albania,9,Lezhe,Res,CR+PC/LWAL+CDM+LFC:9.0/HBET:6-/RES,59.4647,31.4184,28.0464
ALB,Albania,9,Lezhe,Res,CR/LDUAL+CDL+LFC:5.0/HBET:6-/RES,0.4383,0.2310,0.2073
ALB,Albania,9,Lezhe,Res,CR/LDUAL+CDL+LFC:9.0/HBET:6-/RES,14.9016,7.7039,7.1977
ALB,Albania,9,Lezhe,Res,CR/LDUAL+CDM+LFC:4.0/HBET:6-/RES,0.6447,0.3292,0.3155
ALB,Albania,9,Lezhe,Res,CR/LDUAL+CDM+LFC:4.0/HBET:6-/SOS/RES,3.2971,1.6838,1.6133
ALB,Albania,9,Lezhe,Res,CR/LDUAL+CDM+LFC:9.0/HBET:6-/RES,12.0760,6.1746,5.9015
ALB,Albania,9,Lezhe,Res,CR/LDUAL+CDM+LFC:9.0/HBET:6-/SOS/RES,134.8942,68.8683,66.0259
ALB,Albania,9,Lezhe,Res,CR/LFINF+CDL+LFC:5.0/HBET:3-5/RES,5.1806,2.4624,2.7182
ALB,Albania,9,Lezhe,Res,CR/LFINF+CDL+LFC:9.0/HBET:3-5/RES,48.8428,23.5248,25.3180
ALB,Albania,9,Lezhe,Res,CR/LFINF+CDM+LFC:4.0/H:2/RES,8.1739,3.9561,4.2178
ALB,Albania,9,Lezhe,Res,CR/LFINF+CDM+LFC:4.0/HBET:3-5/RES,37.9676,18.3016,19.6660
ALB,Albania,9,Lezhe,Res,CR/LFINF+CDM+LFC:4.0/HBET:3-5/SOS/RES,12.2876,5.9387,6.3489
ALB,Albania,9,Lezhe,Res,CR/LFINF+CDM+LFC:9.0/H:2/RES,36.0176,17.4272,18.5904
ALB,Albania,9,Lezhe,Res,CR/LFINF+CDM+LFC:9.0/HBET:3-5/RES,153.6957,73.5271,80.1686
ALB,Albania,9,Lezhe,Res,CR/LFINF+CDM+LFC:9.0/HBET:3-5/SOS/RES,124.7027,59.8875,64.8152
ALB,Albania,9,Lezhe,Res,MCF/LWAL+CDL/H:1/RES,177.2417,50.4029,126.8388
ALB,Albania,9,Lezhe,Res,MCF/LWAL+CDL/H:2/RES,20.8457,8.7539,12.0918
ALB,Albania,9,Lezhe,Res,MCF/LWAL+CDL/HBET:3-5/RES,44.2263,21.0841,23.1422
ALB,Albania,9,Lezhe,Res,MUR/LWAL+CDN/H:1/RES,1382.5798,1199.9693,182.6105
ALB,Albania,9,Lezhe,Res,MUR/LWAL+CDN/H:2/RES,38.0761,32.5328,5.5433
ALB,Albania,9,Lezhe,Res,MUR/LWAL+CDN/HBET:3-5/RES,42.9519,36.7107,6.2412
ALB,Albania,9,Lezhe,Res,W/LWAL+CDL/H:1/RES,11.9580,4.0037,7.9544
ALB,Albania,9,Lezhe,Res,W/LWAL+CDL/H:2/RES,0.4328,0.1454,0.2874
